Height,A,B,Area
3.218418138,9.805796048,0.824111062,17.10574293
1.426844717,9.994883681,2.049313497,8.592599557
1.525439932,5.237119663,8.056845781,10.13957287
2.846422398,8.390420833,1.266598255,13.74397771
3.520672522,4.154877775,7.530038718,20.56938221
6.425088643,0.997967769,1.225209164,7.142054432
3.42629185,8.760562311,3.77110548,21.46857561
3.909308593,0.541354257,1.918225842,4.807628809
3.759250199,2.225204851,7.56517203,18.40223812
3.335679328,0.961633051,6.097573361,11.77362445
0.553712492,7.392173287,8.92792255,4.518320469
5.184943825,6.244988227,5.170397223,29.59406615
0.664747656,6.431673585,6.207202049,4.200831475
6.441177338,5.713377378,9.975741738,50.52819925
4.742074326,0.875405979,0.974830656,4.386979821
9.764571682,0.083855046,5.064493422,25.13570883
2.435480896,5.547864705,9.54801268,18.38286049
4.757627421,4.427974384,8.905313861,31.71740889
8.594841368,5.841541615,5.953712631,50.68916957
2.341443306,5.60134279,7.453153617,15.28318161
0.749937518,5.868613555,8.259672783,5.297665996
0.60781377,1.949872604,8.014865553,3.028352535
2.254468724,4.579580925,0.00834396,5.171666581
5.34136769,3.675140988,5.794106803,25.2893671
6.313179355,4.726025884,1.099907498,18.39008118
1.70626343,9.405543048,9.018590111,15.71821232
7.339442436,5.469757965,7.911526942,49.10558515
5.205771075,8.811694763,6.93349184,40.98291849
4.418543941,2.581546607,2.046001279,10.22351184
4.322665424,0.018140811,1.632234215,3.567009529
9.450007844,1.110867835,7.992121456,43.0116601
3.002447836,4.479885166,4.937487932,14.13758574
0.571399065,3.460064164,3.443311414,1.972291175
9.47117398,8.679212467,8.17404154,79.81005042
2.893748493,5.121320116,1.842794252,10.07619773
9.960516323,6.884211834,1.601405489,42.26056493
1.846224391,5.302313255,5.987807681,10.42204833
3.749192466,3.80932104,8.55658298,23.1810771
8.041443862,9.818753492,0.262622097,40.53440792
0.540840323,4.148855971,8.784273521,3.497378968
9.743154962,3.416026042,4.671317288,39.39811965
6.155165444,4.548791694,5.219145804,30.06163567
1.037569058,8.222983025,6.729419855,7.757075285
9.567983113,9.973554777,4.088903364,67.27468101
7.792461023,2.483146713,6.13641563,33.5838018
4.622954868,1.209504485,0.568375538,4.109529555
5.913382908,2.936755186,0.135320536,9.083180033
7.759963281,4.399834662,6.362174958,41.75639974
3.736874006,7.296654299,4.463338546,21.97280579
5.402433582,5.197163098,7.611528878,34.59905384
0.544371906,8.37426571,0.781671189,2.492117411
2.554942564,3.352735645,8.717598111,15.41950474
3.242920294,4.650799184,9.393155284,22.77171248
4.681322088,3.20929823,4.007333863,16.89168961
3.773731615,3.01599969,0.463641304,6.565615614
5.757400091,9.126602203,1.969179779,31.9414281
2.221303995,2.2796735,5.752923027,8.921419376
9.143139617,6.974981867,4.130295018,50.76854852
4.400923526,4.559215549,3.787816129,18.36732404
8.071827387,8.330564585,5.868085031,57.30452441
7.617741123,6.872121739,0.759137367,29.06647816
0.850270707,1.263161892,1.66111097,1.243211777
0.440579005,1.04861932,8.308970755,2.061378864
4.738748935,7.662276362,0.80639814,20.06546114
2.246325029,6.278427399,1.767149651,9.036490551
0.18056261,0.331835111,4.568137299,0.442375904
7.943008594,9.538434798,1.662666968,44.4852238
6.663519724,0.138687358,2.331463753,8.229950324
4.831661063,9.963615671,7.573459166,42.36660083
4.575265328,1.190516868,7.780582537,20.52258003
0.40282787,3.98889605,3.239234225,1.455846161
6.136134241,5.725134528,8.509017259,43.67133308
2.476632442,9.872373118,9.36870029,23.82653331
6.646973193,3.54552347,4.126002215,25.49621279
3.933842241,1.084151568,8.060311646,17.98643783
3.728929585,1.626149284,9.842334643,21.3825845
9.081340904,2.724875607,4.660266388,33.53349604
9.587761082,8.023382472,4.635472867,60.68504028
8.519452269,9.267295778,9.581554112,80.29093848
0.614576752,5.453473367,8.180975625,4.189707692
7.440976144,5.321199868,8.120279135,50.0088623
2.640022754,6.104402116,8.951951303,19.87455781
0.971855681,3.331614538,4.920725968,4.010042002
1.759514316,9.216639553,3.644519485,11.31469673
8.045277917,7.579784027,8.728702364,65.60315271
2.814336831,6.493768622,1.728627796,11.57029654
3.245519446,2.744584995,7.245387519,16.21132503
0.704528998,7.868369655,9.802963173,6.224983204
3.337481046,6.719045837,7.797452407,24.22426887
1.463103978,2.957964092,4.858172279,5.717910108
4.786809795,1.324674039,2.001601663,7.961124558
6.678065089,6.086247778,6.430389639,41.79345968
6.721979563,4.018020369,9.255030131,44.6105871
0.510064306,2.218273726,8.083245101,2.627218524
3.824322245,9.651909811,5.958279193,29.84919653
4.759464253,6.543801245,5.304170689,28.19499945
2.798426375,1.585157254,8.476820619,14.07885213
9.375364151,3.296349177,4.677268333,37.37778387
4.87289881,4.161748969,2.127410612,15.32321912
4.572592942,1.959531634,6.656476868,19.69874983
0.254131935,0.252774756,2.144342169,0.304591982
7.339001251,9.509007941,3.947070677,49.37708891
0.832915608,2.324963236,1.500665923,1.593213119
9.392054765,8.096893404,4.680886556,60.00480458
9.398673534,8.079202159,2.523868846,49.82740142
7.293970211,9.8922766,8.941141413,68.68519498
8.434403876,9.495225557,1.86950947,47.92738258
9.70098551,4.598373827,3.904677591,41.2439893
0.003526059,2.6311292,6.234217552,0.015629867
0.620312616,6.590847689,2.797895868,2.91197804
5.252053537,1.230125972,1.590332544,7.406599562
6.165588686,0.813757979,0.674341525,4.587504736
3.788887249,8.61634329,1.400042058,18.97547736
7.26676006,1.234059385,8.946646347,36.9903729
6.594102901,5.06945206,6.608160967,38.50169097
3.215097404,9.326086186,0.814232382,16.30105595
5.464054615,5.266323447,6.870376956,33.15779692
1.41625495,7.725304878,0.778917929,6.022073822
7.278722159,2.172964855,5.688581136,28.6110045
1.521324933,6.552127809,5.317103828,9.028479015
4.061048124,1.948176899,7.539758683,19.2654815
2.310378686,2.375780375,0.094792254,2.853979173
5.083273123,4.23792192,9.682103265,35.37964495
5.070864475,2.728083663,1.155105505,9.845563002
9.755921794,5.263677816,2.925405097,39.94602623
2.166383513,3.23951009,6.755675208,10.82670232
3.600213319,9.200613597,5.783584706,26.97315515
9.12261932,5.757219074,7.437015922,60.18299155
0.902428523,1.44047412,0.096483599,0.693497242
4.444313466,0.318819424,9.090997835,20.91008878
7.272428727,5.725992916,8.51932376,51.79902511
7.136414905,6.528698488,8.156729215,52.40065257
7.930360545,2.179881086,5.769219241,31.5196158
7.811993785,9.021741796,9.583167629,72.67071839
7.750310394,1.706675087,3.428712783,19.90042499
0.72921247,1.792518477,8.516492782,3.758729781
8.014472364,9.600426341,4.428065398,56.21547967
8.176893656,9.641495891,4.222745646,56.68321433
2.726118045,8.467768539,3.642997067,16.50768833
2.407554283,0.185905709,6.540463353,8.097049321
5.958619458,9.639897048,3.411390551,38.88382812
2.474264197,6.446310325,6.913459879,16.52780055
2.861236345,5.185030525,9.169547814,20.53592063
6.247644449,0.64075728,8.38994162,28.21029793
3.658813961,4.318191481,0.534810575,8.878115838
0.798652012,8.042688111,0.168558827,3.278964444
5.77882275,0.203015299,2.284163593,7.18648298
9.612015527,7.897985585,9.162563548,81.99313158
8.869232096,4.588719428,7.377890945,53.0673224
2.986841705,1.221103799,5.410599697,9.903924286
2.662848009,3.22626777,7.370085841,14.10823956
5.751467366,3.997671064,8.282892417,35.31563005
6.764553622,8.966132338,9.040221204,60.90247204
9.888349146,1.445761838,9.517090273,54.20225465
0.799123735,3.515675924,7.736496205,4.495938907
3.044908375,5.751617072,3.930442373,14.74049195
4.85328685,4.260106562,6.400102812,25.86852698
4.161396949,1.22008117,3.076446891,8.939779382
4.508709122,3.238038315,1.844202376,11.45717248
1.365741584,3.138327449,0.80046633,2.689687228
7.523824469,3.954646118,5.020286062,33.76290717
9.569971485,0.610031567,5.914250562,31.21859697
6.086955144,4.391801551,5.323364824,29.56789097
2.522647826,4.096881001,6.279718858,13.08825354
9.200272936,6.594379894,7.279498444,63.8217337
8.955716474,8.825723778,7.17363107,71.64284289
8.449030961,6.351629754,6.236911068,53.18048558
5.48084252,4.517205327,8.881269886,36.71746632
2.588269521,0.756943372,7.121279855,10.19548253
2.991091672,9.461563567,7.924161765,26.00114913
6.966385572,9.396980459,9.825399642,66.95525569
5.757617132,4.075715147,6.715868939,31.06690471
4.8577979,2.378541754,2.405963574,11.62107997
2.071442395,5.37544291,8.608536531,14.48350394
9.910531871,8.243898336,7.200344406,76.53032996
4.071083976,1.99552982,9.428527099,23.25414754
7.926239537,7.124019347,9.170188402,64.57589684
4.830210907,4.958407882,1.166611061,14.79256665
6.275191296,9.812941032,3.625749765,42.16517776
7.03297364,7.329335051,3.511651567,38.12218656
2.767093571,0.8807339,8.679349851,13.22682314
6.063953655,6.954989432,2.161153578,27.63993436
0.682540796,4.037451167,5.171934194,3.142890608
7.436438409,2.890287739,3.312435717,23.06308548
1.247252918,2.250744871,8.873059906,6.937098985
0.661440045,9.9448904,5.836772479,5.219311901
2.661449718,6.039730824,5.353374694,15.16108873
3.437407895,3.800544382,2.391147409,10.64168512
1.37944142,1.023099208,0.263270101,0.887235553
9.687401742,2.674441169,8.915921688,56.14025067
0.208489463,9.46006314,4.359457223,1.440612191
2.571706413,6.288534204,5.356352181,14.9736145
5.222901259,8.925840205,3.476403001,32.38784583
7.28476541,7.48665737,1.447940672,32.54322539
4.616336058,4.058780234,4.583578005,19.94801498
2.573253481,9.551724955,9.361544248,24.33431791
4.488181765,9.229724169,9.826955598,42.76492132
4.420866527,4.936425159,7.79448408,28.14082526
2.917223829,6.50066057,9.111608441,22.77224159
6.211842664,9.003865579,0.443506121,29.34279329
5.056725288,9.218523033,7.129625681,41.33404851
1.895406892,0.656764264,8.215206543,8.407997308
5.218232448,3.96727952,3.701082568,20.00764793
0.165914046,7.5487237,1.1435227,0.721082884
3.955012966,6.813185436,8.003582855,29.30025535
6.343785805,8.225201856,8.780817975,53.9412736
0.040754384,5.384559493,5.472732044,0.221241114
4.974170065,3.707305129,7.646236643,28.23722381
8.857072112,3.457325182,6.250080771,42.98959728
2.278651052,9.974730494,5.858032577,18.03867112
0.359745299,0.79244809,8.927163432,1.748292276
2.606271068,6.030172104,4.662825096,13.93442462
5.519715499,2.502961444,8.912521055,31.50510784
9.811252595,3.155686461,8.000894988,54.73001935
8.952151787,7.525683116,6.344380157,62.08345586
2.278322156,3.928941651,9.871180126,15.7205616
3.840660104,1.177311655,5.490956299,12.80527535
0.235924084,6.985441167,4.512481863,1.356318482
2.94775412,9.776210063,5.088663467,21.90899609
0.327125014,1.575629278,5.204138576,1.108915826
6.945593508,3.02085988,8.529169815,40.11090563
2.684813813,1.071836077,0.985450805,2.761716119
9.258766608,4.289791654,7.2834858,53.57713742
7.638554436,9.21016687,0.781178959,38.1597195
6.695534649,5.247959221,7.448510789,42.50482743
1.766147943,7.493456198,0.38870241,6.960529105
1.453954499,5.863010833,4.999318652,7.896666413
2.776419937,0.111580386,5.528466508,7.829569321
2.884086419,3.155704437,2.87692856,8.69931745
4.322131437,4.984949751,9.434262782,31.16086589
4.910113975,8.88856133,6.265601125,37.20433242
4.540885339,7.497121817,0.770274162,18.77064859
3.094876224,2.251628193,2.135344921,6.788569393
3.222218533,6.097101538,2.818055438,14.36329202
2.278931353,4.625259204,2.806123274,8.467805261
0.763592259,3.888963948,8.0456396,4.556585439
4.680772657,4.677459986,0.472520498,12.05294392
7.697709613,4.475605515,4.341348703,33.93517662
3.765150177,5.551818347,4.564787949,19.04527099
1.770784931,9.558345606,1.541745056,9.827936641
7.392129737,2.06554988,5.553995547,28.16233417
4.529400555,0.609723028,3.979171773,10.39247133
1.501872283,3.70924262,8.524992681,9.187129451
9.379245245,9.587044212,4.150923829,64.42588571
6.731150164,4.635852137,2.579355002,24.28332136
3.110136266,8.302398614,0.434688801,13.58676621
2.666189672,0.97309295,5.42370197,8.527534275
4.041622263,3.287372418,5.149053116,17.04842263
5.876921491,6.00199085,6.838684711,37.73182108
5.207667238,4.76112745,5.865595376,27.67021816
9.817638757,1.90806404,4.636762937,32.12737349
6.829334499,1.816097828,7.261774583,30.99791362
9.154713249,1.284129968,6.799548532,37.00187933
9.676924648,7.539482825,3.951694659,55.59962932
5.966113132,3.1146032,8.650198201,35.09506807
4.955498189,3.86272187,6.793353575,26.40308128
7.542086004,0.122063161,7.530731736,28.85901864
9.567709755,7.557885712,7.397934914,71.54647545
6.616861172,0.778704325,8.848900651,31.85226277
3.994461759,8.847872165,1.169207893,20.00642161
3.60400909,8.615151201,1.913705217,18.97304712
0.413199304,2.955809278,7.902464727,2.243315629
1.624292479,9.859241385,3.835653347,11.12225726
4.240667531,3.561152007,3.804576146,15.61780211
4.017088033,5.522756175,1.825675028,14.75964752
1.771418264,0.27986118,5.137949912,4.79860476
7.019759581,8.07353453,0.018520074,28.40213892
7.871520089,2.612894257,3.530627595,24.17942784
6.269034298,9.488344067,6.653844369,50.59796648
6.237846028,4.395127651,7.740730349,37.85080681
1.117820924,8.08626466,1.602013513,5.414880028
8.469346557,6.491838034,9.008210484,65.63764128
3.469893133,6.612927397,6.799915018,23.27056489
5.41772115,0.358423062,9.569084921,26.89223498
7.965380058,6.358044504,1.515209181,31.35672895
9.899221696,5.351702463,2.958111849,41.13034706
2.897776402,9.989534344,5.324331592,22.18807967
7.768327193,1.058830442,7.208797653,32.11282008
7.645369847,4.804619713,0.504672798,20.29575244
1.370729748,7.291402327,5.747848191,8.936644286
9.988763096,5.380127949,0.456034884,29.14802396
5.611433502,6.445259598,4.210050277,29.8957814
0.49569579,8.970497847,2.889802984,2.939550592
5.148788703,4.309263857,6.800946075,28.60206169
7.219031543,6.207309018,2.577591597,31.70923732
6.819411804,6.640073851,7.573753963,48.46497258
4.04284282,1.866996359,1.592686364,6.993476726
3.253262422,0.087193123,2.038416278,3.457582595
5.145663178,5.624130348,9.166927493,38.05490085
9.57738723,4.603144468,5.851070556,50.06203274
1.858276411,9.079109766,9.184702279,16.96960555
5.109729138,4.256800275,0.124826954,11.19446416
4.903309605,4.256426243,1.614217826,14.39279273
8.258693309,0.798447941,3.911137152,19.44750945
0.366449677,9.491353039,1.12110708,1.944466289
7.928614076,8.273571033,3.169164254,45.36251604
2.24214895,3.581717384,9.658719442,14.84351577
3.016616621,4.811850658,2.560970913,11.12048805
1.340872156,5.912513057,3.767279139,6.489681913
4.751281346,1.072389351,4.125960753,12.34941194
2.507275129,8.553923491,1.732348125,12.8952565
3.584824301,4.134623212,5.190664933,16.71475978
7.632172754,5.417614592,5.393678761,41.25682928
4.449175695,8.178422821,1.047713174,20.52435001
1.032659476,1.192104149,4.994209668,3.194177791
9.704600043,1.789241944,2.619845447,21.39421484
7.292295089,5.489833944,3.336690709,32.18281119
0.999510222,1.389104941,3.12363722,2.25526596
8.905881595,4.378646233,0.457274801,21.53407006
6.322743725,6.624559263,8.50054929,47.8160926
2.679781806,6.576218948,2.758244425,12.50716256
6.543569171,9.717948387,8.82336294,60.66317659
3.120234444,0.044883772,2.940312491,4.657256101
8.718709977,7.104980594,7.42120657,63.32480648
6.102841668,8.989431657,4.200644065,40.24847186
2.937013299,2.51649126,0.996010363,5.158131989
2.768878009,4.762034227,0.739858763,7.617035255
5.207817641,6.142929014,2.624588511,22.82981622
8.046095422,4.131220196,6.124063269,41.25749467
4.300401029,4.278830527,6.143635735,22.41039232
5.762170276,1.84781407,3.250438022,14.68849833
2.971539171,9.163708349,5.062761051,21.13725554
8.11248486,6.29726953,7.81754069,57.2530921
8.787991777,5.136305336,5.204277025,45.43647638
4.094217287,8.406100018,9.03070393,35.69503208
8.845497447,2.327086954,2.186997323,19.96466047
3.928190823,9.736892494,3.875059318,26.73517209
2.180782887,1.191822258,5.813570566,7.638620395
1.338202177,1.806042613,5.559907639,4.928565332
1.946276871,9.169487958,4.571916522,13.37228886
0.548841901,9.146501038,2.119802461,3.091709715
3.524184162,0.292138822,3.169511221,6.099746128
6.327324466,7.352649801,6.070450998,42.46615705
8.571404367,4.28140249,0.314247647,19.69558782
2.940071251,1.259933897,5.912490111,10.54371881
5.044720736,9.711297703,8.954859811,47.08277594
4.426267017,9.785169924,7.736824476,38.77851295
2.887412607,2.808771145,5.317458687,11.73188923
2.03504507,3.304870976,4.979930259,8.429971956
0.599574683,8.127163156,1.622541369,2.922838
3.858876195,5.778369598,6.485051324,23.66151153
4.873457768,3.142736611,5.942570834,22.13843107
7.874382589,8.788091804,1.099639621,38.92989009
9.225417405,8.43669979,8.885242227,79.90107269
7.915880608,8.57915836,9.192939711,70.34090324
2.24281413,5.887296596,8.940978727,16.62853271
8.737439854,7.315350598,4.147425073,50.0776565
9.401891683,7.760854281,2.808130236,49.68422381
7.710598488,8.680688965,9.511353923,70.13576919
0.212329696,6.716718875,4.942450759,1.237793969
5.729390369,4.128172347,0.936858082,14.50976828
8.772388898,2.55975592,4.136935577,29.37299107
1.613300941,2.998825765,3.915741286,5.577638764
9.10128851,9.97244861,7.828215449,81.00448964
1.539546701,8.237387699,7.434401657,12.0637258
5.353616709,1.970535024,1.691661541,9.802998361
0.129911717,8.151462796,5.038524634,0.856766959
2.639268691,2.355439046,1.901517208,5.617625681
3.198854698,4.239152642,7.850031,19.33577094
0.397101516,9.915400797,1.421287669,2.250908088
8.537784394,0.954803582,2.001017046,12.61807962
5.111900687,9.889268611,0.927347941,27.64673479
3.540167111,7.766884154,0.131989413,13.98166621
0.242363459,9.7662318,6.260321162,1.942125407
1.7645476,8.01034328,8.095782889,14.21001313
0.671703161,7.196790016,6.047228969,4.448024706
9.423094101,3.576886118,7.833055935,53.75847883
0.419133121,9.597366501,7.822944585,3.650714675
4.496593686,2.835086728,7.99558,24.35055382
2.22696294,7.761116832,3.498007642,12.53682647
8.670819832,9.296035735,2.544145623,51.33203967
9.491024073,0.523149126,7.59379696,38.51906535
2.586107271,1.588928062,2.507999971,5.297547687
8.208248071,2.226603989,9.397291242,47.7059078
9.773441738,8.308220555,7.732482442,78.38643809
2.795633083,1.739463721,5.541118387,10.1769181
0.695752097,9.942544197,3.963780378,4.837677239
1.375006194,1.412700117,8.962911695,7.133265254
0.632597778,3.24028134,3.505136013,2.133568013
1.460458027,9.976110921,2.307610841,8.969930025
9.531807901,8.220645936,5.150947615,63.72773053
3.697869637,6.459906697,1.519131918,14.75272231
7.9161696,9.962792524,0.27269638,40.51293305
6.192723359,0.597100973,3.3293849,12.15782039
1.853794276,2.272363476,7.982593562,9.505290327
2.82342866,9.291727549,2.524448117,16.68106452
3.217287606,1.104334866,3.648776507,7.646063156
2.371982192,8.445502844,8.143117465,19.67395598
5.979383348,6.269109643,3.656727116,29.67519152
5.328236348,0.305707503,5.300154643,14.93467923
8.002930503,9.980627484,2.207430368,48.77008998
0.298711679,0.757254154,6.044235343,1.015842175
5.446779169,3.470259924,9.268609765,34.69290503
4.611358838,7.306977733,6.906224547,32.77108798
6.783067976,2.055434126,9.277267221,38.43524179
5.703868386,3.030508343,0.824626397,10.99459058
3.162252479,5.197931761,1.532075876,10.64099167
0.303111104,1.707673158,7.541573593,1.401774697
8.18952438,7.730424572,4.433545186,49.80856344
6.496413203,2.65046276,7.532593878,33.07667179
3.863609496,7.313371545,6.83992264,27.34140091
2.447763437,1.000509937,7.607315351,10.53496001
2.685582671,8.360411401,0.348455694,11.69419128
9.119962372,2.716075636,5.656969187,38.18092686
5.017328755,5.983095157,0.778103177,16.96157741
9.283097016,1.359737283,8.097355514,43.89555496
8.118352764,3.138073217,5.08939569,33.39674747
2.273357441,6.166518395,9.307166152,17.58860795
2.955640924,3.946838825,0.980037827,7.281039131
9.551564847,4.121613599,6.546171721,50.94702163
0.014640386,2.906676195,5.559808113,0.0619763
8.670684664,8.206072789,6.11335222,62.07960941
0.695576156,3.575245945,3.174523747,2.347489428
0.394737426,3.71947695,9.904052121,2.688858397
4.41741964,8.489004163,2.482624888,24.23314483
8.980482648,4.898210653,5.228962629,45.47345197
5.64109546,0.963592308,6.87317307,22.1039708
4.575268194,9.30337986,0.128953101,21.5777265
2.828489626,9.609751825,5.343322694,21.14730808
1.861630986,1.973823947,4.66788374,6.182204414
1.729545311,4.292816771,6.87457316,9.657253448
0.668035649,8.026115947,2.35629608,3.467910679
4.175200084,6.853952961,8.627162482,32.31837725
6.966352821,5.658685998,6.242283147,41.45317499
3.805254658,6.322083944,3.291412944,18.29090191
6.546573269,9.970114811,9.198208287,62.74341581
8.723730109,6.090391253,1.841607377,34.59830764
6.715232961,6.564032169,4.252779774,36.31870605
9.27769658,5.066292555,2.707444846,36.06118845
7.990067003,2.827157792,7.5772377,41.56590855
9.253526099,3.988175286,2.359817107,29.37065664
9.319741208,2.50385514,3.388727302,27.4586717
5.437537563,1.530705484,1.545122975,8.362466391
5.158497902,8.365934912,5.873199478,36.72627244
9.941972615,2.127363235,3.416831886,27.56011803
3.50447156,0.230644995,1.600154332,3.207992087
0.030390616,7.702815474,7.077318221,0.224588686
3.055481076,1.234113005,4.64866265,8.987354843
8.390580809,2.345927111,1.009456359,14.07680808
3.544596847,3.892790314,5.105345343,15.94738164
3.619946235,7.913710631,8.910052944,30.45055981
5.449151308,2.186873457,4.00086723,16.85896763
5.963253011,4.918216482,2.780659867,22.95517379
4.508635172,4.160877381,4.140090982,18.71301896
4.717339914,3.078589356,2.035391493,12.06219299
2.712813321,2.46357571,0.848381412,4.4923607
9.606933079,0.318281432,1.156133163,7.082301171
9.301348766,9.942518129,7.793116795,82.48266301
8.810606899,6.950758834,7.595389349,64.08019677
4.408292421,7.839690413,2.016246938,21.72392696
3.285182777,7.373896288,5.379980945,20.94940891
3.208704994,4.996244106,6.316529672,18.14967686
4.144775965,6.301488894,4.713191025,22.8266903
4.548283466,6.628056155,9.017784989,35.5808603
9.860022013,8.714537451,3.511089072,60.27247332
0.246938465,1.295249294,9.109085099,1.284615183
1.563046482,7.770044294,3.431187701,8.754023132
1.751049775,0.627124192,8.064135336,7.609414021
0.245279642,4.970583142,7.746478302,1.559618141
8.065374963,5.739463166,5.735345785,46.2743184
0.569230185,5.267495656,1.732127442,1.992198375
1.343248461,4.07440343,2.477870537,4.40066596
7.340436986,7.465858489,6.247430542,50.330767
0.938293167,9.882784828,6.959312125,7.901412244
3.707375436,7.534834579,6.500219203,26.01660682
8.899242611,0.232144368,7.599220936,34.84660991
9.782121397,8.530267782,5.947809398,70.81315429
2.858835983,7.966953069,3.499297916,16.39006545
1.291311634,2.206278591,3.130588703,3.445779412
2.305320517,1.66846588,4.129193041,6.682731031
1.508836249,2.340698456,8.813465188,8.414903216
9.552735948,9.123930489,7.303980349,78.46574721
7.286042148,2.885421337,9.982307233,46.87740635
7.263468382,9.977719567,5.740652275,57.08494844
6.028353376,9.007724817,6.058237395,45.41147208
0.944691539,9.122747963,0.39287455,4.49466404
8.569953776,7.838884337,1.556082614,40.25721625
9.079500804,2.113808671,2.963182665,23.04827346
2.055696099,1.047669234,5.516994115,6.747476421
4.387265682,7.98173487,1.31232062,20.38774535
0.787500942,8.416310813,7.383697107,6.221260559
3.06537995,9.113876938,5.249827056,22.01510511
4.974999063,8.522805289,9.460853209,44.73434209
5.971336466,8.657644805,9.995630931,55.69249281
6.563362772,0.279032684,2.986822098,10.71749485
3.222003286,6.886643128,2.27121198,14.75331962
3.26363141,2.445523293,5.742180513,13.36082366
7.473210018,3.820955843,6.375906988,38.10164873
4.031587367,6.164933448,1.91592295,16.28933928
4.717409896,7.590083913,1.11865951,20.5413562
6.001824363,3.324940655,4.60599311,23.80003574
7.454686108,6.248354345,2.610200086,33.01887133
1.051709636,5.18267293,2.453209511,4.015365572
4.149523979,5.133509737,6.938656259,25.04687114
2.838280461,5.549932012,7.369604856,18.33463453
6.06880209,4.145479975,4.737060024,26.95318865
9.957474019,9.113686623,0.860178634,49.65725208
1.601614194,0.570649236,7.081560078,6.127943527
4.825182791,7.954640277,4.55457384,30.17962234
4.877154267,0.149857418,6.075045754,15.17990653
5.210003433,5.012407968,4.5202951,24.83270786
9.817852,8.008785856,5.546288164,66.54085529
0.163143827,0.480383962,7.073750636,0.616205212
5.814268422,5.505482709,7.174160283,36.86142392
7.46280362,4.103067741,8.072140656,45.43059465
2.835216619,7.9546884,5.497262889,19.06959792
1.167106564,1.967930051,3.741302873,3.331641611
5.774021333,1.414782391,9.11065192,30.38704113
5.341257908,5.663472437,9.058764178,39.31763137
9.574403213,4.00353269,7.548207631,55.30050982
6.699399455,3.047829678,4.69245293,25.92762254
7.003851776,1.585702291,2.789045389,15.32004215
4.083962659,7.748740028,4.579112572,25.17324484
1.691439652,8.469285166,6.099153522,12.32081743
4.069498736,8.16996255,9.52315717,36.00106417
0.380925751,5.552657644,0.210170355,1.097604792
3.100601903,9.205104289,3.053291519,19.00420269
4.998936739,4.271736503,8.378185345,31.61807954
0.01547997,3.892186602,4.520831825,0.065116637
7.544668499,4.593045505,2.156630066,25.46203233
1.85711151,4.397286093,7.644375849,11.1813545
0.440675445,9.261800415,6.175630152,3.40144829
5.685541323,7.920366493,7.559399638,44.005425
7.519085066,1.821139651,5.424688927,27.24100072
3.160292134,0.629524502,2.426922003,4.829631924
9.945662426,5.637457325,6.008110998,57.91144565
2.052225262,5.299113982,7.093122065,12.71582993
4.37335992,9.302975626,3.770956115,28.58850454
9.670263486,4.016724007,2.726841491,32.6060276
1.008655131,5.344112533,1.105293815,3.252613403
9.36182937,3.478144551,7.158946454,49.7913155
3.637024988,3.272876199,6.770450152,18.26391445
0.640137222,2.027903921,2.255876929,1.371103786
5.577002403,9.75610998,3.866438901,37.98649392
0.833444078,9.263188609,5.082476369,5.978154758
7.938128134,6.19644269,3.115741143,36.96065424
7.682237059,1.73625593,2.40819732,15.91933618
7.830271051,5.319999919,0.891851424,24.32023988
2.593234886,5.234943395,1.405207072,8.60973492
9.023540732,1.37708398,7.958902735,42.1218282
2.968852761,5.325016182,1.467450133,10.08291619
2.264684318,9.988826262,2.199045443,13.80084096
5.02298837,6.899277404,8.722547383,39.23412211
0.843720734,7.543585882,6.507712724,5.927685987
9.062687342,7.773868074,2.719703469,47.549979
1.943744882,8.743733584,4.884866229,13.24526057
9.284644215,0.167974069,0.468208137,2.953362718
7.850663311,1.61631103,2.681123792,16.86885695
7.854243859,8.620681874,5.572873527,55.73982268
1.798984995,7.490265295,1.766928948,8.326776771
3.945824219,6.614023798,5.103630238,23.11790154
7.32500325,5.26978149,2.345062504,27.8893785
3.369000144,9.468116104,7.229392099,28.12695377
5.027626983,2.320698095,1.156171163,8.740200849
9.022713329,7.62593992,7.155238189,66.68316637
8.399694435,6.551252142,4.965004386,48.36651793
0.203574597,5.600266741,8.641485763,1.449629515
5.072184414,8.945073699,2.681793749,29.48680793
2.986367579,6.931576457,1.120275201,12.02289437
9.199604428,1.756835665,3.898576937,26.01377941
5.825284817,0.047055686,2.845521545,8.425043112
5.158808493,0.597942284,2.015145529,6.740209802
8.937487196,5.463103641,3.465577456,39.89998649
2.426727659,2.608770178,2.231888345,5.873479963
6.765609566,1.953147532,6.371460472,28.16052377
6.745397124,3.340153513,8.01469779,38.29649066
2.35304394,5.161338097,4.645536223,11.53800309
8.720788634,7.997775158,3.618186177,50.65017179
3.790631321,5.644533793,7.249166772,24.43763261
2.045602929,7.205643551,2.532627124,9.960317506
6.584823365,8.422606632,1.264949723,31.89542372
9.220977498,0.913567052,1.50451575,11.14854355
1.240877845,7.352996903,3.845535649,6.94800547
3.279333794,0.585296991,9.474677767,16.49500759
9.490895398,9.677086308,7.409847835,81.08515231
3.405130313,5.561738711,7.587801616,22.38794918
7.466171695,9.962292061,8.865539561,70.28591177
3.74711403,4.48470927,4.964822603,17.70423673
8.810279404,0.229442632,0.161936761,1.724080903
0.590321326,7.579639994,5.014480411,3.717288926
6.058606994,2.443754399,4.376339835,20.66013531
1.101859369,4.728734585,9.251023331,7.701863616
7.465064982,3.668046264,5.907353724,35.74049157
3.495605522,5.069050801,3.53857299,15.04442863
7.826677017,2.192676615,8.326343753,41.16448748
2.391489094,4.309505914,3.191853798,8.96970997
2.428539732,7.60177766,6.021638631,16.54250387
7.945745043,1.826300817,4.324647832,24.43693487
1.798312664,3.600145097,5.897624974,8.539980098
3.206680032,6.214072954,7.073699573,21.30481742
7.817786776,8.500585132,9.411910652,70.01803634
7.117566864,5.826066356,2.516679211,29.6900247
3.852610198,4.170644506,1.054671086,10.06555207
7.625424465,3.860355074,3.327217235,27.40414486
4.005898891,9.022280066,8.344554923,34.78489251
0.907363042,2.649919629,7.772171043,4.728309948
3.942771993,3.885067823,2.931712895,13.43850605
7.909272329,9.16860069,4.998544614,56.02590517
5.109248265,9.096856751,4.638481141,35.08862565
1.107317314,8.466499037,7.56906826,8.878230657
5.725920112,7.545134538,9.936709542,50.04982131
4.266090899,8.450608688,8.416822352,35.97899702
3.377451916,5.487576895,4.748867948,17.28655012
7.68323224,0.637139052,0.506115607,4.391945529
6.8475565,0.652659856,6.140359771,23.25779285
2.201324519,5.282561404,7.626361254,14.20836398
3.977523595,7.256494054,9.904725427,34.12957771
7.597764424,7.602710918,4.728175396,46.84358468
0.509753297,5.69549196,5.064203716,2.742395172
2.876079317,0.95355988,0.367331941,1.899494824
5.119748507,6.817805614,9.122795601,40.80593463
0.271514338,5.445041455,3.262637246,1.18212981
9.711322798,8.969714202,8.605388606,85.33874829
6.099421925,1.245723098,3.146326461,13.39448169
6.160361732,4.843757994,9.928260524,45.50048879
1.693603342,4.023324462,8.29456803,10.43081195
8.406908115,9.732024175,2.82269439,52.77318269
4.171173493,9.286879416,6.197177915,32.29334475
3.27033062,2.325675869,3.772537861,9.971587543
8.664502397,8.093133619,6.803020681,64.53388232
5.384623226,0.144611773,9.326149285,25.49823998
8.056571078,1.147290143,0.359909208,6.071429353
3.103279567,3.473504342,5.18509064,13.43502044
4.866983735,3.476392319,0.079709159,8.653744027
0.980263797,4.56657455,9.85315858,7.067571177
7.209599976,4.906190606,8.050883014,46.70765883
5.372529129,3.093860161,4.338396286,19.96500713
5.484151833,5.979598088,9.625286567,42.78977839
4.15654283,6.777960326,3.696729706,21.76924887
5.312261894,1.42994832,6.740975411,21.70304339
8.388876763,3.364502286,2.280758655,23.67869916
2.896249884,4.285303904,0.874471231,7.471999069
3.186735651,4.62578998,8.886932952,21.53073796
5.492430176,9.377534938,7.395769095,46.06310061
1.070267274,8.060409052,7.041266346,8.081414481
3.13245497,1.588129962,6.574106297,12.78391877
8.372192698,1.136184007,9.772434346,45.66452746
2.97385765,6.990030552,9.382601866,24.34493908
8.73085207,9.17648095,2.961182608,52.9860725
0.5405921,1.070391403,6.242955706,1.976768837
2.063065626,6.156175717,2.385249418,8.810760296
3.355245203,6.767753401,6.041827597,21.4896426
7.732428326,9.128821568,7.128516832,62.85435197
0.844872257,6.624517662,3.074879637,4.097375845
6.659860197,2.822908209,2.040680933,16.19541187
5.206919187,8.849818781,5.212356527,36.61030521
7.666308781,1.305559876,2.197436822,13.42752717
4.023216826,7.643166518,1.056565866,17.50045485
5.206190654,4.906602846,5.578412068,27.29349333
4.061528391,2.03489033,5.563070513,15.42966684
0.000822447,7.530385598,6.569647997,0.005798268
2.500559511,9.261027369,6.147251992,19.26465975
7.456596104,8.469913057,5.117090372,50.65639841
8.513151767,2.031989844,0.808234324,12.0896297
2.949833282,3.204834203,7.001273867,15.05315863
3.938042821,9.504526827,8.359095639,35.1738551
8.22498423,9.330175263,7.950786717,71.06781988
4.931971715,9.941972319,2.831361342,31.49886016
7.318976289,3.472073485,7.007500937,38.34987835
3.009364603,6.070829544,1.48724897,11.37250697
1.466013671,9.951533783,1.365619041,8.295550379
0.877488897,5.384546421,9.174452571,6.387679987
9.007526215,5.732180288,6.418482175,54.72370533
3.350359054,3.763394584,9.896947898,22.88352606
1.720974012,9.51630472,8.86391286,15.8159384
7.854074433,4.413424428,3.328684624,30.40355038
2.96029502,5.755339485,5.424838574,16.54831272
4.320719434,9.373815342,5.975823288,33.16074097
6.158153309,9.028197612,7.263744674,50.16413915
5.250059785,3.207967888,3.702515169,18.1402246
0.39818134,0.287259345,1.512251726,0.358265864
7.270359747,9.516957691,3.750821925,48.23076543
7.772218657,6.11301458,7.355457878,52.33995646
7.638440489,1.000289328,6.347382771,28.06237803
1.434280222,1.607036959,3.360986303,3.562768755
0.379596835,2.87364795,0.207465886,0.58479053
8.162123903,7.503714097,5.610763027,53.52099361
7.606466076,7.554387375,2.618397345,38.68947094
9.113492867,5.852959216,5.265149457,50.66240204
1.159629318,2.994874208,4.648512718,4.431747783
2.905866081,8.157751589,6.273171748,20.96716532
4.939122646,5.003986495,8.362489443,33.009332
8.069554652,7.817700047,8.335935816,65.17632371
8.269696928,7.373481931,7.001839741,59.43977673
0.016807288,7.926586966,2.982281676,0.091674246
9.426263627,3.910277215,9.464609085,63.03760212
1.807829367,5.306387466,5.566071037,9.827774886
5.692065125,4.771271209,4.084850905,25.20481191
8.638104806,6.571948586,8.630016279,65.65808288
0.014884283,7.272977565,9.800001079,0.127059519
9.447698392,1.285105428,5.114057011,30.22867834
2.350032692,8.405499032,4.904872331,15.63990392
7.466530399,3.481758705,2.679831722,23.00285111
8.290435598,2.39599055,2.407684568,19.9122796
8.971262857,1.374938057,1.530656377,13.03342571
7.134003169,8.950890009,6.268296583,54.28686269
3.535364059,0.532781028,2.873372569,6.020996504
9.373790212,0.173288804,9.528345762,45.47054356
0.7067422,1.452561006,8.382218132,3.475326721
5.501104336,5.806935334,7.846143695,37.55350612
5.40927113,8.959035051,5.377932289,38.77627176
0.919997838,2.378834431,4.791440646,3.298318785
7.706081416,2.053850591,0.954343243,11.5906933
5.54337195,6.63248461,2.549609599,25.44988174
1.974929514,6.152352872,6.233813873,12.23090313
5.440689461,5.471080531,7.340708732,34.85248341
6.854252626,2.627532523,8.941004857,39.64683886
9.419879519,5.143141044,0.130775824,24.83983074
4.135524339,7.019870388,9.341007324,33.83040399
2.634886167,6.466171943,1.607982359,10.63723874
6.107017007,7.695278294,6.129755537,42.21485837
0.043922989,9.784009668,8.224723041,0.395498687
2.231510399,9.013214874,8.857061034,19.93885326
2.321560177,9.491268292,8.501500225,20.88564744
8.297956574,7.049838365,8.141605283,63.02896985
5.940730047,1.831059934,1.352160734,9.455327333
7.235642185,0.609066509,3.571026013,15.1228269
3.635436083,0.696859283,6.374396786,12.85354973
0.036105354,5.41769738,4.234718404,0.174251942
3.861091152,9.684905198,2.921532767,24.33730304
9.883739201,7.910098814,8.667002426,81.92187269
3.465543374,6.820552036,5.533069904,21.40600633
9.110724766,6.052256431,0.324109737,29.04665858
6.949304501,7.177229459,3.085132922,35.65814054
5.813021354,3.309024306,5.012136484,24.18554268
7.395429574,8.764227721,8.464823831,63.70811869
2.152807423,9.377433219,6.850470008,17.46777526
1.086282295,9.627273117,4.106266251,7.45925033
4.351710915,9.096961561,7.985816967,37.16965689
4.357722604,6.493085569,7.51874133,30.5298274
2.784590302,1.607952479,7.961346354,13.32328836
7.381286737,2.811243877,6.27073225,33.51833497
5.569954861,8.380819843,7.184972697,43.35038091
3.496665724,0.035039527,3.958741687,6.982458938
9.131069747,8.443801933,3.099624595,52.70191638
5.094825685,9.014620328,9.137848677,46.24183267
5.530016815,7.217825614,5.14489921,34.18303808
2.769524939,5.418028425,0.468508964,8.151456051
7.532266262,1.160145518,0.822525044,7.467001291
0.582392965,8.667310592,6.308363764,4.360863697
6.805095088,4.840850182,7.671535744,42.573988
8.621526141,3.591631397,7.718614317,48.75578954
6.271880497,6.943185334,4.044626877,34.45712255
4.735537988,8.073802587,3.454077727,27.29535757
1.396935988,3.707924057,1.973332423,3.968175817
4.809868516,4.137408923,1.476724989,13.50162297
6.603521141,4.040298418,1.282321491,17.57401655
7.843317997,1.106751261,9.389401886,41.16233344
1.382589489,9.998805581,7.315860229,11.96953748
4.932530979,5.845267274,7.581925672,33.11502259
3.781119553,5.639756747,1.950132338,14.34913901
1.353302569,6.975440312,3.136748605,6.842425618
0.987397075,6.128313915,5.636805925,5.808422458
8.015914329,8.052940615,2.594259857,42.67352341
7.697919631,3.805025454,2.704755242,25.05588431
5.265529737,0.762806257,9.870020989,27.99373402
7.964212047,0.562321892,8.579269918,36.40278781
5.375276093,1.737206816,6.80228236,22.95105601
3.346830417,7.468289053,3.523635695,18.39405404
7.19902998,9.014342276,3.050334995,43.42698669
3.961383819,2.665522771,6.161600422,17.48381149
6.818956774,7.231369615,6.176442603,45.71364597
3.884662705,0.347874945,3.203113211,6.897195627
6.618836413,5.877631038,5.233788181,36.77233306
4.110746137,1.148437178,6.924437154,16.59276849
6.003175987,4.938844928,8.003269023,38.84689385
5.628177229,1.959145075,6.413488786,23.56133363
1.602604324,4.65590891,7.722413381,9.918776416
1.322140673,7.281036373,1.99122004,6.129613667
6.954201323,7.717006507,5.456375424,45.80517503
5.823443269,3.636093469,6.103522349,28.35905009
4.386459838,3.342204558,7.855906665,24.56003257
2.036284176,6.155970869,0.847862189,7.130897216
7.184266294,5.520840232,6.796564965,44.2457595
9.532882642,8.586930225,0.594081118,43.76075183
1.430735708,7.041264753,6.735302707,9.855313503
3.095894804,3.035909726,4.820255673,12.16093082
9.20192494,4.588550764,6.10546539,49.20276698
1.428530209,3.837974814,9.69016296,9.662676744
4.675454413,8.662585117,0.472029247,21.35423652
1.600316942,7.486023965,8.472112229,12.76903786
0.908143615,7.799162044,9.413032174,7.815572139
5.883223714,1.650501114,7.711812944,27.54029404
8.674893064,3.319289815,4.018445488,31.82703454
9.246457097,3.109097116,0.436573978,16.39244782
9.991273835,9.275891065,8.304736897,87.82643408
7.026243241,8.588926547,8.671960621,60.6395959
9.532511355,2.860378614,3.885009604,32.15024489
2.377122731,0.321561276,2.320213902,3.139911912
4.477847231,3.946450925,9.525976382,30.16373565
7.689628246,7.628176316,0.959890292,33.01951978
3.473579177,4.322135319,2.474633596,11.80455749
7.811209437,8.477907593,5.99806697,56.53743456
1.160889273,2.70722104,1.409135625,2.389317149
4.453366263,1.623332274,5.441814946,15.73184414
6.635989468,4.30059103,4.645791231,29.68404923
7.124052354,2.399538173,7.20980859,34.22874471
1.501370479,9.812015558,9.453455594,14.46230483
7.096979261,7.210390023,3.08825223,36.54462525
4.913206203,3.484458524,1.032983484,11.09756205
2.031803342,0.157633478,7.347303663,7.624278182
0.070115116,4.921330068,9.255655675,0.497010497
5.784059147,1.571074046,5.519514003,20.50619033
6.871705507,7.711004413,2.371110305,34.64066162
5.545274335,7.97378545,9.340956525,48.00749714
5.481882878,9.729289093,8.606234057,50.25659521
6.07739081,5.73285032,3.195648295,27.13098771
3.851166656,8.022139023,9.465028625,33.67299848
8.601643247,8.832887953,1.150929485,42.93861792
0.001270908,3.338019503,9.157292437,0.007940197
5.01309474,6.394160397,5.340964787,29.41464716
0.13686072,7.543563586,2.418273486,0.681692095
9.525092091,5.479473917,7.919977399,63.81550388
5.793290307,3.685934143,3.441241135,20.64489773
6.527337575,6.355912761,0.081252411,21.00877505
9.186446588,9.664889297,2.878427987,57.61425713
9.31864675,3.485632349,7.944089168,53.25476863
9.439201004,6.492190664,5.545326825,56.81227358
2.105966977,3.462080592,4.19876868,8.066747791
5.225109129,3.467884615,0.814237811,11.18727849
0.172253499,0.268770025,3.344230552,0.311175996
5.864208014,1.581521533,7.461657007,26.51554003
3.469150238,5.278779329,7.17829185,21.60772572
2.629726958,1.395689855,3.257874959,6.118802422
3.803357033,1.26898476,5.913302501,13.65840138
5.707334877,3.27045233,1.844783443,14.59718176
1.090768435,6.872472527,6.31586053,7.192708707
5.863379829,7.950646095,3.619871742,33.92117044
1.749350167,4.151281868,8.577559812,11.13360066
9.46231173,7.779337793,8.712188742,78.02398249
6.940859055,8.319016961,3.852477692,42.24031444
9.319492096,7.138355503,2.867049829,46.62264795
0.274333074,8.282118312,4.704237291,1.781293427
9.12701586,8.599700783,5.108140155,62.55584083
8.671815911,6.879774469,7.954735289,64.32106887
6.320234775,0.372805457,7.625990318,25.27713361
6.664798287,0.988903339,4.81887956,19.35385076
2.650478619,6.137864282,6.665408803,16.96740078
6.706511522,2.696221722,9.400524649,40.56348446
2.402128133,4.578230295,7.937264301,15.03191084
2.221230965,1.258209612,9.156111924,11.56630674
7.353199904,8.123376657,8.545917949,61.28632775
0.960927324,4.239422117,1.30763427,2.665159026
1.067623413,5.971611684,0.804526396,3.617181834
8.100660154,0.561112082,1.233473174,7.26866264
6.041758163,2.778394186,9.53609303,37.20057683
8.841250042,8.692987359,4.691195259,59.16645256
1.910183452,1.25179272,6.035913399,6.960427816
0.624729093,2.473240563,4.315051172,2.120421669
2.461250552,7.937055747,0.569203332,10.46801743
5.470225287,8.507370365,6.919498484,42.19422404
4.667597888,8.633248371,6.772115816,35.95302267
4.62446665,6.905268411,4.80942649,27.08710794
6.864734015,3.727650055,5.057504778,30.1538756
7.242079876,1.902852894,0.024899791,6.980469464
9.253361805,6.963820826,9.856588519,77.82266669
6.867720074,6.700012048,3.962086229,36.61215318
5.258659732,8.674001191,8.181159587,44.31777763
4.568847866,2.513686105,6.721225262,21.09645255
8.710810866,8.522508502,5.912343784,62.86963407
8.887922249,9.273471608,5.771240259,66.85811467
4.432284121,7.218450502,0.483475606,17.0685624
5.062475372,7.129964865,8.807376349,40.34119869
8.697090542,3.276338807,0.724017871,17.39573212
3.63807195,3.874516115,4.122175076,14.54626896
3.722206817,2.717354161,4.167997371,12.8143512
9.54622945,4.089086246,7.782913474,56.66641667
3.944656586,1.061088149,9.270324673,20.37693782
0.345297718,3.962392829,8.728870507,2.191132136
3.764931841,5.900484226,8.944098204,27.94442053
2.27693977,0.255483086,6.517290071,7.710598277
5.910815925,7.006096184,0.769564267,22.98024881
2.390596903,7.694969921,2.002247656,11.59106915
1.50196903,7.500085297,9.364230665,12.66484014
5.630393088,9.342279816,3.43397367,35.96766466
7.558419547,8.591714195,3.53281813,45.82115106
7.777806637,9.287474377,9.22687536,72.00051613
1.140792259,1.770372245,6.531645881,4.735439008
2.731415493,7.898417214,6.770467466,20.03340944
0.800244557,3.256586134,8.125885169,4.554380352
3.98786856,6.413199234,1.791976099,16.36058037
6.166306693,0.095615997,4.646687639,14.62124933
1.071549274,2.368162198,3.727476542,3.265888633
1.78065368,2.216614594,8.286806887,9.351478054
1.277827366,1.491060736,3.719555198,3.329133816
8.968987529,7.57312854,7.927441326,69.51220891
6.561469961,4.410713266,7.706290868,39.75267932
4.903992658,2.353270507,1.893259532,10.41247607
2.009438442,3.611148199,1.676376834,5.312478033
6.014256712,8.88201099,2.916074889,35.47835859
2.094485608,5.319065049,3.181683558,8.902347808
6.134522335,0.480740873,1.283203111,5.410476885
6.892010375,4.130316553,4.418209092,29.45826372
9.983771347,4.943537122,1.208430461,30.70991884
6.163296106,8.268663011,8.085159921,50.3967266
0.088715638,4.542108006,6.352642726,0.48326738
8.717339288,2.029763782,4.235685907,27.30902537
0.653113954,3.814485961,1.111052656,1.608469001
3.463843431,6.29529981,1.85435412,14.11456262
